member_id,contract_type,start_date,expiry_date,monthly_fee,status
M0001,month-to-month,2025-07-22,2026-12-23,69,active
M0002,month-to-month,2025-05-15,2026-12-03,99,active
M0003,12-month,2025-09-12,2027-05-05,89,active
M0004,6-month,2025-10-18,2026-12-02,59,active
M0005,month-to-month,2025-12-01,2027-06-05,79,active
M0006,month-to-month,2025-09-03,2027-05-09,99,active
M0007,12-month,2025-12-02,2027-05-20,59,active
M0008,month-to-month,2025-11-05,2027-02-07,59,active
M0009,12-month,2025-06-26,2027-04-16,69,active
M0010,12-month,2025-12-07,2026-11-25,89,active
M0011,month-to-month,2025-10-20,2027-03-27,59,active
M0012,6-month,2025-05-01,2027-04-28,69,active
M0013,month-to-month,2025-08-31,2027-03-22,89,active
M0014,12-month,2026-04-24,2027-01-01,59,active
M0015,6-month,2025-07-16,2026-11-01,69,active
M0016,6-month,2025-10-13,2027-05-13,59,active
M0017,6-month,2025-04-16,2026-12-28,99,active
M0018,month-to-month,2025-05-18,2026-11-16,89,active
M0019,month-to-month,2025-08-14,2026-10-16,99,active
M0020,6-month,2025-08-14,2027-04-12,99,active
M0021,month-to-month,2026-03-05,2027-01-30,89,active
M0022,12-month,2026-03-11,2027-01-09,69,active
M0023,6-month,2025-06-20,2027-02-16,69,active
M0024,month-to-month,2025-08-25,2027-04-26,59,active
M0025,6-month,2025-09-30,2026-12-27,99,active
M0026,12-month,2025-03-21,2027-01-23,79,active
M0027,month-to-month,2025-06-15,2027-04-23,69,active
M0028,6-month,2026-04-22,2027-05-25,69,active
M0029,12-month,2025-09-29,2026-11-20,99,active
M0030,6-month,2026-01-14,2027-04-22,69,active
M0031,month-to-month,2025-05-15,2027-06-26,69,active
M0032,6-month,2025-12-04,2026-11-21,99,active
M0033,month-to-month,2026-06-07,2027-03-07,59,active
M0034,month-to-month,2025-07-03,2026-11-03,99,active
M0035,month-to-month,2026-01-21,2027-07-07,69,active
M0036,6-month,2025-09-15,2027-01-12,69,active
M0037,6-month,2025-10-11,2027-01-21,89,active
M0038,6-month,2025-07-30,2027-01-23,69,active
M0039,month-to-month,2026-04-15,2027-02-19,89,active
M0040,6-month,2025-09-21,2027-02-09,79,active
M0041,month-to-month,2025-05-07,2026-11-15,59,active
M0042,month-to-month,2026-05-27,2026-11-05,79,active
M0043,month-to-month,2026-02-17,2027-05-12,79,active
M0044,12-month,2025-07-29,2026-11-18,59,active
M0045,6-month,2025-12-09,2027-01-25,99,active
M0046,month-to-month,2025-09-28,2027-03-10,69,active
M0047,month-to-month,2026-06-01,2027-06-11,79,active
M0048,12-month,2026-05-31,2027-04-09,99,active
M0049,6-month,2026-02-11,2026-10-20,99,active
M0050,month-to-month,2026-02-01,2026-10-22,79,active
M0051,month-to-month,2025-11-05,2027-02-18,79,active
M0052,month-to-month,2025-03-30,2026-12-09,59,active
M0053,12-month,2026-01-05,2027-03-05,79,active
M0054,12-month,2026-03-23,2027-06-23,89,active
M0055,12-month,2025-06-02,2026-10-31,99,active
M0056,month-to-month,2025-08-06,2027-01-26,59,active
M0057,month-to-month,2025-08-10,2027-03-10,99,active
M0058,month-to-month,2026-03-02,2027-01-07,69,active
M0059,month-to-month,2025-03-29,2027-04-27,89,active
M0060,month-to-month,2025-10-11,2026-11-04,59,active
M0061,month-to-month,2025-07-03,2026-10-30,59,active
M0062,6-month,2025-05-02,2026-11-04,59,active
M0063,month-to-month,2026-01-15,2026-10-28,59,active
M0064,6-month,2025-07-09,2026-11-28,89,active
M0065,12-month,2025-07-15,2027-02-09,99,active
M0066,month-to-month,2026-03-19,2027-03-15,79,active
M0067,month-to-month,2025-08-08,2026-11-04,99,active
M0068,12-month,2026-03-02,2027-01-19,79,active
M0069,6-month,2025-05-07,2026-11-21,99,active
M0070,6-month,2025-11-30,2026-12-13,99,active
M0071,6-month,2026-01-30,2027-03-28,69,active
M0072,month-to-month,2026-05-30,2026-10-19,69,active
M0073,month-to-month,2025-05-27,2027-04-03,89,active
M0074,6-month,2025-09-04,2027-03-18,99,active
M0075,month-to-month,2025-04-21,2027-05-21,99,active
M0076,month-to-month,2025-09-09,2027-05-02,69,active
M0077,month-to-month,2025-12-16,2026-12-23,59,active
M0078,6-month,2025-10-31,2027-01-10,69,active
M0079,6-month,2025-07-17,2027-02-06,79,active
M0080,month-to-month,2026-05-29,2027-04-03,89,active
M0081,month-to-month,2025-05-10,2026-12-07,99,active
M0082,month-to-month,2026-01-23,2027-02-15,69,active
M0083,12-month,2025-12-27,2026-12-21,99,active
M0084,month-to-month,2025-11-21,2027-03-15,59,active
M0085,6-month,2025-10-19,2027-05-08,79,active
M0086,6-month,2026-03-31,2027-07-04,59,active
M0087,6-month,2025-07-17,2026-10-19,69,active
M0088,month-to-month,2025-07-11,2027-03-26,59,active
M0089,6-month,2025-08-10,2026-12-02,89,active
M0090,6-month,2026-01-05,2027-01-24,99,active
M0091,6-month,2025-04-20,2026-11-09,89,active
M0092,month-to-month,2026-01-03,2027-06-19,79,active
M0093,month-to-month,2025-06-26,2026-12-27,99,active
M0094,6-month,2026-01-23,2027-05-22,69,active
M0095,month-to-month,2025-10-07,2026-11-30,59,active
M0096,6-month,2025-04-24,2027-02-23,59,active
M0097,month-to-month,2026-02-24,2027-04-29,99,active
M0098,6-month,2025-05-16,2027-04-10,79,active
M0099,month-to-month,2025-11-26,2026-12-17,99,active
M0100,6-month,2026-05-15,2027-03-03,89,active
M0101,month-to-month,2026-04-12,2027-06-05,69,active
M0102,6-month,2025-06-01,2026-10-24,59,active
M0103,12-month,2025-05-04,2026-10-14,99,active
M0104,month-to-month,2025-08-12,2027-02-25,99,active
M0105,6-month,2026-06-13,2027-05-15,99,active
M0106,month-to-month,2025-11-01,2027-04-20,99,active
M0107,6-month,2026-03-12,2026-12-14,79,active
M0108,month-to-month,2025-04-02,2027-02-17,59,active
M0109,month-to-month,2025-12-10,2027-01-08,99,active
M0110,month-to-month,2025-08-01,2027-02-03,99,active
M0111,month-to-month,2025-10-03,2027-06-02,99,active
M0112,month-to-month,2026-05-24,2027-06-15,59,active
M0113,6-month,2025-08-14,2027-03-14,89,active
M0114,6-month,2026-01-06,2027-04-30,79,active
M0115,month-to-month,2025-04-04,2027-07-04,69,active
M0116,month-to-month,2025-09-21,2026-12-09,79,active
M0117,month-to-month,2025-04-14,2026-10-21,79,active
M0118,6-month,2026-02-25,2027-05-25,59,active
M0119,month-to-month,2026-02-16,2027-05-02,79,active
M0120,month-to-month,2025-03-30,2027-04-24,59,active
M0121,6-month,2025-06-02,2027-05-16,89,active
M0122,month-to-month,2025-09-13,2027-07-05,89,active
M0123,month-to-month,2025-04-29,2027-05-23,89,active
M0124,6-month,2025-10-03,2027-03-20,89,active
M0125,month-to-month,2026-02-09,2026-11-01,79,active
M0126,month-to-month,2025-08-15,2026-12-08,79,active
M0127,month-to-month,2025-08-05,2027-05-23,89,active
M0128,12-month,2025-07-27,2027-01-13,59,active
M0129,month-to-month,2025-10-25,2026-10-31,89,active
M0130,month-to-month,2025-11-10,2027-05-25,99,active
M0131,month-to-month,2025-04-05,2027-06-30,59,active
M0132,month-to-month,2025-12-28,2027-02-11,89,active
M0133,6-month,2026-04-23,2027-01-25,89,active
M0134,12-month,2025-04-21,2027-04-24,79,active
M0135,month-to-month,2025-11-17,2026-12-15,79,active
M0136,month-to-month,2026-01-04,2026-11-22,59,active
M0137,month-to-month,2025-06-09,2026-12-01,89,active
M0138,6-month,2025-08-19,2027-04-26,59,active
M0139,month-to-month,2025-10-12,2027-07-07,89,active
M0140,12-month,2026-03-11,2027-05-30,99,active
M0141,month-to-month,2026-05-19,2027-02-24,69,active
M0142,month-to-month,2026-03-17,2026-11-20,99,active
M0143,12-month,2025-07-19,2027-02-27,99,active
M0144,month-to-month,2026-03-19,2027-06-14,59,active
M0145,month-to-month,2026-01-31,2027-05-11,79,active
M0146,month-to-month,2025-05-02,2027-03-16,99,active
M0147,month-to-month,2026-01-24,2026-12-28,69,active
M0148,month-to-month,2025-08-23,2027-04-29,69,active
M0149,month-to-month,2025-12-05,2027-01-31,69,active
M0150,6-month,2026-06-03,2027-06-05,99,active
M0151,month-to-month,2026-01-21,2026-11-28,59,active
M0152,month-to-month,2026-01-04,2027-05-10,79,active
M0153,6-month,2026-02-25,2027-06-09,99,active
M0154,month-to-month,2025-10-22,2027-06-09,69,active
M0155,month-to-month,2026-06-07,2027-06-30,99,active
M0156,12-month,2026-02-11,2027-05-28,99,active
M0157,month-to-month,2026-06-08,2027-06-13,79,active
M0158,month-to-month,2026-04-19,2026-10-19,89,active
M0159,12-month,2025-10-22,2027-03-20,99,active
M0160,6-month,2026-02-25,2027-04-21,99,active
M0161,month-to-month,2026-02-16,2027-05-24,99,active
M0162,12-month,2025-05-10,2027-04-04,69,active
M0163,month-to-month,2025-05-14,2027-05-17,99,active
M0164,month-to-month,2026-06-06,2027-03-09,69,active
M0165,month-to-month,2025-10-12,2027-05-04,59,active
M0166,month-to-month,2026-03-12,2027-04-23,99,active
M0167,12-month,2026-01-06,2027-02-15,69,active
M0168,month-to-month,2025-04-06,2027-01-23,79,active
M0169,month-to-month,2026-05-26,2026-12-29,99,active
M0170,month-to-month,2025-08-17,2026-10-14,69,active
M0171,6-month,2026-05-20,2027-05-14,99,active
M0172,month-to-month,2025-04-12,2027-01-17,79,active
M0173,month-to-month,2025-05-14,2027-02-28,69,active
M0174,6-month,2026-06-04,2027-04-28,69,active
M0175,6-month,2025-03-25,2027-04-03,79,active
M0176,month-to-month,2026-05-13,2026-12-26,89,active
M0177,6-month,2025-12-14,2026-12-04,69,active
M0178,month-to-month,2025-10-08,2027-01-29,69,active
M0179,6-month,2025-11-30,2027-04-06,79,active
M0180,6-month,2025-04-18,2027-06-26,89,active
M0181,month-to-month,2025-09-07,2027-04-21,99,active
M0182,month-to-month,2026-04-03,2026-11-24,79,active
M0183,month-to-month,2025-10-13,2027-04-05,69,active
M0184,month-to-month,2026-04-11,2027-02-20,89,active
M0185,12-month,2025-11-01,2026-10-17,79,active
M0186,6-month,2025-05-28,2027-06-23,59,active
M0187,month-to-month,2025-06-24,2026-10-18,99,active
M0188,6-month,2026-04-26,2027-04-06,59,active
M0189,month-to-month,2025-10-01,2027-01-03,99,active
M0190,month-to-month,2025-06-30,2026-10-29,59,active
M0191,6-month,2026-02-18,2027-06-01,89,active
M0192,month-to-month,2026-06-04,2026-11-08,69,active
M0193,6-month,2025-10-11,2027-02-25,79,active
M0194,month-to-month,2026-04-11,2026-11-07,59,active
M0195,month-to-month,2026-04-24,2026-12-10,99,active
M0196,month-to-month,2025-05-07,2027-02-26,89,active
M0197,12-month,2025-05-07,2027-02-17,99,active
M0198,month-to-month,2026-05-24,2026-11-22,89,active
M0199,6-month,2026-02-28,2027-06-27,99,active
M0200,month-to-month,2025-09-06,2027-06-04,59,active
M0201,12-month,2025-05-15,2026-10-23,79,active
M0202,12-month,2025-06-24,2026-12-28,89,active
M0203,month-to-month,2025-12-30,2026-12-30,99,active
M0204,month-to-month,2025-09-19,2027-02-24,59,active
M0205,month-to-month,2025-10-16,2027-05-18,59,active
M0206,12-month,2025-06-22,2027-07-04,79,active
M0207,month-to-month,2026-02-11,2027-01-11,99,active
M0208,month-to-month,2025-06-22,2027-06-19,99,active
M0209,month-to-month,2025-09-18,2027-01-01,99,active
M0210,6-month,2026-05-28,2026-11-17,69,active
M0211,6-month,2026-02-15,2027-06-20,59,active
M0212,month-to-month,2025-04-05,2026-12-22,59,active
M0213,6-month,2025-04-16,2026-10-17,99,active
M0214,12-month,2025-09-26,2027-02-28,69,active
M0215,month-to-month,2025-12-06,2026-10-29,79,active
M0216,month-to-month,2025-07-23,2027-06-21,59,active
M0217,12-month,2025-04-15,2026-12-19,89,active
M0218,month-to-month,2025-09-22,2027-02-01,79,active
M0219,month-to-month,2026-04-30,2027-04-08,99,active
M0220,6-month,2025-08-09,2027-05-02,89,active
M0221,month-to-month,2026-02-20,2027-04-26,69,active
M0222,6-month,2025-07-04,2027-05-25,89,active
M0223,6-month,2025-11-29,2027-05-27,99,active
M0224,month-to-month,2025-09-21,2027-01-27,79,active
M0225,month-to-month,2025-09-25,2027-03-28,99,active
M0226,month-to-month,2025-05-23,2027-03-30,79,active
M0227,6-month,2025-11-04,2027-01-11,59,active
M0228,month-to-month,2025-09-09,2027-01-16,59,active
M0229,month-to-month,2025-05-12,2027-03-07,79,active
M0230,12-month,2025-06-21,2026-10-14,89,active
M0231,month-to-month,2025-05-28,2027-06-12,89,active
M0232,12-month,2026-05-14,2027-02-22,69,active
M0233,12-month,2026-02-23,2027-01-08,69,active
M0234,month-to-month,2026-02-12,2027-06-27,89,active
M0235,12-month,2025-07-30,2026-12-25,99,active
M0236,6-month,2026-04-30,2027-05-31,89,active
M0237,month-to-month,2026-06-04,2027-02-20,79,active
M0238,12-month,2025-05-02,2027-04-12,79,active
M0239,6-month,2026-06-11,2027-01-03,99,active
M0240,6-month,2025-12-11,2027-06-09,79,active
M0241,month-to-month,2025-08-08,2026-12-28,79,active
M0242,month-to-month,2026-04-13,2027-07-02,59,active
M0243,6-month,2025-03-23,2027-01-29,79,active
M0244,6-month,2026-05-27,2027-04-27,79,active
M0245,month-to-month,2026-01-05,2027-03-07,59,active
M0246,6-month,2025-10-22,2027-03-30,59,active
M0247,month-to-month,2025-12-12,2027-01-19,79,active
M0248,6-month,2025-04-02,2027-06-05,99,active
M0249,12-month,2025-07-29,2026-12-04,69,active
M0250,12-month,2025-04-30,2027-04-10,59,active
M0251,12-month,2025-12-15,2027-07-06,59,active
M0252,month-to-month,2025-04-12,2027-04-29,79,active
M0253,6-month,2026-03-21,2026-10-13,89,active
M0254,month-to-month,2025-10-03,2026-11-25,79,active
M0255,12-month,2026-06-06,2026-11-28,59,active
M0256,month-to-month,2025-05-11,2027-06-09,69,active
M0257,6-month,2026-02-20,2027-06-30,99,active
M0258,month-to-month,2026-02-20,2027-06-18,99,active
M0259,6-month,2025-05-28,2027-07-01,69,active
M0260,6-month,2026-04-13,2027-03-05,89,active
M0261,month-to-month,2025-05-28,2027-04-30,79,active
M0262,month-to-month,2026-02-27,2027-04-13,89,active
M0263,6-month,2025-07-11,2026-12-12,69,active
M0264,month-to-month,2026-02-16,2026-10-29,79,active
M0265,12-month,2025-10-29,2027-06-06,99,active
M0266,month-to-month,2025-10-05,2027-02-27,79,active
M0267,6-month,2025-08-29,2026-11-08,99,active
M0268,month-to-month,2025-11-14,2027-01-04,59,active
M0269,month-to-month,2025-05-22,2027-02-16,99,active
M0270,month-to-month,2026-01-18,2026-12-21,89,active
M0271,12-month,2025-05-25,2027-04-17,69,active
M0272,month-to-month,2025-12-17,2027-06-18,89,active
M0273,6-month,2026-06-14,2027-03-28,89,active
M0274,month-to-month,2025-10-24,2027-02-16,99,active
M0275,month-to-month,2025-10-02,2026-10-18,99,active
M0276,6-month,2025-10-22,2027-03-17,69,active
M0277,12-month,2025-09-04,2027-06-17,59,active
M0278,month-to-month,2025-10-12,2027-01-19,99,active
M0279,12-month,2026-03-02,2027-07-04,89,active
M0280,6-month,2025-08-15,2027-01-03,59,active
M0281,month-to-month,2026-01-30,2027-05-14,99,active
M0282,month-to-month,2026-02-21,2026-12-01,69,active
M0283,month-to-month,2025-08-30,2027-02-15,69,active
M0284,6-month,2026-06-01,2027-05-01,69,active
M0285,month-to-month,2025-05-18,2027-03-06,69,active
M0286,month-to-month,2025-12-29,2027-01-10,69,active
M0287,month-to-month,2025-11-25,2027-07-07,59,active
M0288,month-to-month,2025-10-22,2026-12-28,59,active
M0289,6-month,2026-04-30,2026-12-06,99,active
M0290,6-month,2026-03-27,2027-06-27,89,active
M0291,12-month,2025-11-27,2027-06-24,99,active
M0292,month-to-month,2026-02-03,2027-03-09,89,active
M0293,month-to-month,2026-01-05,2027-03-24,59,active
M0294,month-to-month,2026-05-03,2027-03-10,89,active
M0295,12-month,2025-11-19,2027-03-02,59,active
M0296,12-month,2026-05-07,2027-04-12,89,active
M0297,6-month,2026-03-28,2027-06-09,99,active
M0298,month-to-month,2025-04-27,2027-05-01,99,active
M0299,month-to-month,2025-11-19,2027-05-04,59,active
M0300,month-to-month,2025-12-09,2026-11-23,99,active
M0301,12-month,2026-09-09,2027-07-17,89,active
M0302,6-month,2026-08-31,2027-08-18,89,active
M0303,6-month,2026-08-25,2027-08-18,99,active
M0304,6-month,2026-08-22,2027-07-09,99,active
M0305,month-to-month,2026-08-29,2027-07-14,69,active
M0306,6-month,2026-08-27,2027-07-27,89,active
M0307,6-month,2026-09-07,2027-08-30,69,active
M0308,month-to-month,2026-08-26,2027-08-27,69,active
M0309,month-to-month,2026-08-31,2027-09-11,79,active
M0310,month-to-month,2026-09-08,2027-09-03,99,active
M0311,6-month,2026-09-05,2027-08-22,89,active
M0312,6-month,2026-08-25,2027-08-12,59,active
M0313,6-month,2026-08-26,2027-08-05,89,active
M0314,12-month,2026-09-08,2027-09-10,79,active
M0315,month-to-month,2026-08-27,2027-09-03,69,active
M0316,12-month,2026-09-03,2027-08-10,99,active
M0317,month-to-month,2026-09-06,2027-09-08,89,active
M0318,month-to-month,2026-08-26,2027-07-10,89,active
M0319,6-month,2026-08-30,2027-07-16,59,active
M0320,month-to-month,2026-09-01,2027-07-29,89,active
M0321,month-to-month,2026-09-09,2027-08-12,69,active
M0322,month-to-month,2026-08-27,2027-07-29,79,active
M0323,6-month,2026-08-30,2027-07-18,59,active
M0324,month-to-month,2026-09-11,2027-08-19,79,active
M0325,month-to-month,2026-08-30,2027-08-16,79,active
M0326,6-month,2026-09-06,2027-09-11,69,active
M0327,6-month,2026-09-08,2027-08-29,99,active
M0328,month-to-month,2026-08-30,2027-09-10,79,active
M0329,month-to-month,2026-08-27,2027-07-19,79,active
M0330,6-month,2026-09-04,2027-07-26,99,active
M0331,month-to-month,2026-09-02,2027-09-10,89,active
M0332,month-to-month,2026-09-07,2027-08-13,99,active
M0333,6-month,2026-09-05,2027-07-10,59,active
M0334,6-month,2026-09-11,2027-08-15,69,active
M0335,month-to-month,2026-09-09,2027-09-11,59,active
M0336,month-to-month,2026-09-06,2027-08-24,99,active
M0337,month-to-month,2026-09-03,2027-08-26,79,active
M0338,month-to-month,2026-09-10,2027-07-11,89,active
M0339,month-to-month,2026-08-25,2027-08-19,59,active
M0340,6-month,2026-08-31,2027-07-11,59,active
M0341,6-month,2026-08-27,2027-07-14,79,active
M0342,6-month,2026-08-31,2027-08-06,99,active
M0343,month-to-month,2026-09-07,2027-07-11,79,active
M0344,12-month,2026-09-06,2027-09-10,69,active
M0345,6-month,2026-09-05,2027-08-07,99,active
M0346,month-to-month,2026-08-29,2027-07-15,99,active
M0347,month-to-month,2026-08-28,2027-07-25,89,active
M0348,month-to-month,2026-09-05,2027-08-05,99,active
M0349,6-month,2026-08-28,2027-09-10,69,active
M0350,6-month,2026-09-06,2027-08-18,69,active
M0351,month-to-month,2026-09-03,2027-07-12,69,active
M0352,12-month,2026-08-25,2027-07-27,89,active
M0353,month-to-month,2026-08-26,2027-07-23,79,active
M0354,6-month,2026-08-29,2027-08-29,89,active
M0355,6-month,2026-09-02,2027-08-28,99,active
M0356,month-to-month,2026-09-11,2027-08-09,89,active
M0357,month-to-month,2026-08-22,2027-08-26,79,active
M0358,month-to-month,2026-09-05,2027-07-09,99,active
M0359,month-to-month,2026-08-22,2027-07-23,59,active
M0360,month-to-month,2026-09-04,2027-07-16,89,active
M0361,month-to-month,2026-08-28,2027-08-14,79,active
M0362,month-to-month,2026-08-27,2027-09-11,99,active
M0363,month-to-month,2026-08-30,2027-08-10,99,active
M0364,month-to-month,2026-08-28,2027-08-20,69,active
M0365,6-month,2026-09-05,2027-07-20,99,active
M0366,month-to-month,2026-09-06,2027-08-29,79,active
M0367,month-to-month,2026-09-10,2027-08-05,69,active
M0368,month-to-month,2026-08-27,2027-07-17,59,active
M0369,6-month,2026-08-23,2027-07-15,59,active
M0370,6-month,2026-09-03,2027-08-19,99,active
M0371,6-month,2026-08-29,2027-09-02,79,active
M0372,month-to-month,2026-09-09,2027-08-29,69,active
M0373,6-month,2026-09-07,2027-09-07,69,active
M0374,6-month,2026-08-29,2027-08-24,69,active
M0375,month-to-month,2026-09-09,2027-08-18,79,active
M0376,12-month,2026-09-08,2027-08-25,79,active
M0377,month-to-month,2026-09-11,2027-07-24,69,active
M0378,month-to-month,2026-09-07,2027-08-04,99,active
M0379,6-month,2026-08-29,2027-09-09,79,active
M0380,6-month,2026-08-26,2027-07-30,79,active
M0381,month-to-month,2025-11-19,2027-06-01,89,active
M0382,month-to-month,2026-03-22,2026-10-19,79,active
M0383,12-month,2026-02-14,2027-07-09,59,active
M0384,12-month,2026-04-20,2027-04-10,59,active
M0385,12-month,2025-08-18,2026-11-03,99,active
M0386,month-to-month,2025-09-29,2027-05-30,69,active
M0387,6-month,2026-04-09,2026-10-14,59,active
M0388,month-to-month,2025-08-25,2026-12-07,79,active
M0389,6-month,2025-09-24,2027-06-06,79,active
M0390,month-to-month,2026-04-05,2027-05-26,89,active
M0391,6-month,2025-09-07,2027-05-03,69,active
M0392,month-to-month,2025-12-26,2026-11-13,69,active
M0393,month-to-month,2026-02-25,2026-11-18,89,active
M0394,month-to-month,2025-09-09,2027-03-09,79,active
M0395,12-month,2025-08-14,2026-12-24,79,active
M0396,month-to-month,2025-09-10,2027-03-09,89,active
M0397,month-to-month,2025-10-27,2027-04-05,79,active
M0398,12-month,2025-12-16,2027-05-05,89,active
M0399,12-month,2025-10-22,2027-01-10,59,active
M0400,12-month,2025-12-26,2027-06-22,79,active
M0401,6-month,2026-02-20,2026-12-26,89,active
M0402,month-to-month,2025-08-10,2027-01-12,99,active
M0403,month-to-month,2026-03-23,2027-01-30,89,active
M0404,month-to-month,2026-02-13,2027-04-12,69,active
M0405,12-month,2026-03-02,2027-02-16,59,active
M0406,12-month,2025-10-27,2027-05-27,99,active
M0407,6-month,2025-10-07,2026-12-06,79,active
M0408,6-month,2026-03-16,2027-01-20,99,active
M0409,month-to-month,2026-03-31,2027-01-30,79,active
M0410,6-month,2025-10-24,2027-01-08,69,active
M0411,month-to-month,2026-05-02,2027-04-27,69,active
M0412,month-to-month,2025-09-04,2026-11-12,59,active
M0413,12-month,2025-10-09,2026-11-06,99,active
M0414,6-month,2025-12-31,2027-06-13,79,active
M0415,6-month,2026-01-04,2027-03-17,69,active
M0416,month-to-month,2025-08-12,2026-11-08,99,active
M0417,month-to-month,2025-08-25,2027-03-26,79,active
M0418,12-month,2026-01-06,2027-06-20,59,active
M0419,6-month,2025-08-12,2027-01-05,69,active
M0420,6-month,2025-10-03,2027-03-18,69,active
M0421,month-to-month,2025-08-19,2027-05-05,99,active
M0422,month-to-month,2026-04-26,2027-04-24,59,active
M0423,6-month,2026-03-05,2027-06-27,79,active
M0424,6-month,2025-10-23,2026-11-06,89,active
M0425,month-to-month,2026-02-22,2027-07-07,59,active
M0426,month-to-month,2025-08-26,2027-04-24,69,active
M0427,6-month,2025-11-28,2026-10-20,79,active
M0428,6-month,2026-04-15,2027-02-26,69,active
M0429,month-to-month,2026-04-10,2027-02-06,69,active
M0430,month-to-month,2025-12-29,2027-04-08,89,active
M0431,month-to-month,2026-01-11,2027-06-09,89,active
M0432,6-month,2026-04-20,2027-06-07,59,active
M0433,month-to-month,2025-11-10,2026-10-26,79,active
M0434,month-to-month,2025-10-06,2027-06-20,79,active
M0435,month-to-month,2025-10-05,2027-01-04,89,active
M0436,12-month,2026-02-14,2027-02-14,69,active
M0437,6-month,2025-09-15,2026-12-31,69,active
M0438,month-to-month,2026-03-16,2026-10-17,89,active
M0439,month-to-month,2025-11-04,2027-05-18,89,active
M0440,6-month,2025-10-05,2027-06-15,99,active
M0441,6-month,2025-07-09,2027-06-22,69,active
M0442,12-month,2025-10-10,2027-05-27,79,active
M0443,month-to-month,2025-05-09,2027-06-26,89,active
M0444,month-to-month,2025-02-05,2027-01-28,59,active
M0445,6-month,2025-06-08,2026-10-19,79,active
M0446,month-to-month,2026-01-11,2027-01-05,99,active
M0447,month-to-month,2025-12-15,2027-03-22,99,active
M0448,6-month,2025-07-13,2027-03-24,89,active
M0449,6-month,2025-03-04,2027-02-21,79,active
M0450,month-to-month,2025-08-05,2027-02-18,69,active
M0451,month-to-month,2025-03-30,2027-01-02,89,active
M0452,month-to-month,2025-01-27,2027-01-10,89,active
M0453,month-to-month,2026-01-03,2027-01-06,89,active
M0454,month-to-month,2025-08-03,2027-05-10,89,active
M0455,month-to-month,2025-02-14,2026-11-04,69,active
M0456,month-to-month,2025-11-08,2027-06-15,99,active
M0457,6-month,2025-10-06,2027-02-18,99,active
M0458,6-month,2025-07-26,2027-01-22,69,active
M0459,month-to-month,2025-04-14,2027-04-18,69,active
M0460,6-month,2025-02-27,2026-11-21,69,active
M0461,month-to-month,2025-08-12,2026-12-04,89,active
M0462,12-month,2025-09-27,2027-06-26,69,active
M0463,month-to-month,2025-07-10,2027-04-18,89,active
M0464,month-to-month,2025-08-02,2027-01-14,69,active
M0465,12-month,2025-07-18,2027-06-15,89,active
M0466,month-to-month,2025-10-31,2027-05-02,59,active
M0467,6-month,2025-04-15,2027-07-05,69,active
M0468,6-month,2025-07-09,2027-02-10,59,active
M0469,12-month,2025-05-16,2026-11-02,59,active
M0470,month-to-month,2025-06-29,2026-11-26,89,active
M0471,month-to-month,2025-04-30,2027-02-02,59,active
M0472,month-to-month,2026-01-09,2027-01-27,59,active
M0473,12-month,2025-12-12,2027-04-13,99,active
M0474,month-to-month,2025-03-10,2027-02-21,79,active
M0475,6-month,2026-01-10,2027-05-28,79,active
M0476,month-to-month,2026-02-10,2027-01-12,59,active
M0477,6-month,2025-11-24,2027-02-21,59,active
M0478,12-month,2026-02-08,2026-12-01,89,active
M0479,12-month,2025-11-14,2026-11-18,69,active
M0480,month-to-month,2025-02-14,2026-11-30,99,active
M0481,month-to-month,2026-02-12,2026-07-19,99,expired
M0482,12-month,2025-12-22,2026-09-02,59,expired
M0483,6-month,2026-01-26,2026-08-15,59,expired
M0484,month-to-month,2025-10-19,2026-08-15,59,expired
M0485,6-month,2025-08-16,2026-07-31,99,expired
M0486,6-month,2026-01-14,2026-09-03,99,expired
M0487,month-to-month,2026-01-04,2026-08-06,59,expired
M0488,6-month,2025-10-09,2026-07-27,69,expired
M0489,12-month,2025-12-05,2026-08-23,79,expired
M0490,month-to-month,2026-01-27,2026-07-23,69,expired
M0491,month-to-month,2026-06-14,2026-08-07,99,expired
M0492,month-to-month,2025-11-30,2026-09-10,99,expired
M0493,month-to-month,2025-05-11,2026-07-26,99,expired
M0494,6-month,2025-05-19,2026-07-21,99,expired
M0495,6-month,2025-07-17,2026-08-12,79,expired
M0496,6-month,2025-09-24,2026-08-19,99,expired
M0497,month-to-month,2025-06-04,2026-08-10,69,expired
M0498,month-to-month,2026-01-17,2026-09-17,89,expiring
M0499,6-month,2026-06-09,2026-08-23,79,expired
M0500,6-month,2026-01-25,2026-07-29,69,expired
